<?xml version='1.0' encoding='UTF-8'?><!--IMPORTANT: This file should not be edited.--><ConnectionMapping><Connections><Permission Id="A5RW6HEE.A4000001" Name="ReadMetadata" Desc="" Direct="false"><Search Value="*[@Name='ReadMetadata' and @Type='GRANT']"/><Objects Value="A5RW6HEE.AA0000SA"/></Permission><Permission Id="A5RW6HEE.A400000J" Name="WriteMemberMetadata" Desc="" Direct="false"><Search Value="*[@Name='WriteMemberMetadata' and @Type='GRANT']"/><Objects Value="A5RW6HEE.AA0000SA"/></Permission><Permission Id="A5RW6HEE.A4000005" Name="CheckInMetadata" Desc="" Direct="false"><Search Value="*[@Name='CheckInMetadata' and @Type='GRANT']"/><Objects Value="A5RW6HEE.AA0000SA"/></Permission><Permission Id="A5RW6HEE.A4000007" Name="Read" Desc="" Direct="false"><Search Value="*[@Name='Read' and @Type='GRANT']"/><Objects Value="A5RW6HEE.AA0000SA"/></Permission><Permission Id="A5RW6HEE.A4000009" Name="Write" Desc="" Direct="false"><Search Value="*[@Name='Write' and @Type='GRANT']"/><Objects Value="A5RW6HEE.AA0000SA"/></Permission><Permission Id="A5RW6HEE.A400000B" Name="Administer" Desc="" Direct="false"><Search Value="*[@Name='Administer' and @Type='GRANT']"/><Objects Value="A5RW6HEE.AA0000SA"/></Permission><Permission Id="A5RW6HEE.A400000D" Name="Create" Desc="" Direct="false"><Search Value="*[@Name='Create' and @Type='GRANT']"/><Objects Value="A5RW6HEE.AA0000SA"/></Permission><Permission Id="A5RW6HEE.A400000F" Name="Delete" Desc="" Direct="false"><Search Value="*[@Name='Delete' and @Type='GRANT']"/><Objects Value="A5RW6HEE.AA0000SA"/></Permission><Permission Id="A5RW6HEE.A400000H" Name="Execute" Desc="" Direct="false"><Search Value="*[@Name='Execute' and @Type='GRANT']"/><Objects Value="A5RW6HEE.AA0000SA"/></Permission><Permission Id="A5RW6HEE.A400000V" Name="Update" Desc="" Direct="false"><Search Value="*[@Name='Update' and @Type='GRANT']"/><Objects Value="A5RW6HEE.AA0000SA"/></Permission><Person Id="A5RW6HEE.AP000001" Name="sasadm" Desc="" PublicType="User" Direct="false"><Search Value="*[@Name='sasadm']"/><Objects Value="A5RW6HEE.AA0000SA"/></Person><AccessControlTemplate Id="A5RW6HEE.AO000002" Name="Private User Folder ACT" Desc="Gives the SAS Administrators group exclusive Read and Write access." PublicType="ACT"><UserProperty Key="accessControlItems" Value="&lt;AccessControlItems>&lt;AccessControlEntry>&lt;Permissions>&lt;Permission ObjRef=&quot;A5RW6HEE.A4000002&quot;/>&lt;Permission ObjRef=&quot;A5RW6HEE.A4000004&quot;/>&lt;Permission ObjRef=&quot;A5RW6HEE.A4000006&quot;/>&lt;/Permissions>&lt;Identities>&lt;IdentityGroup ObjRef=&quot;A5RW6HEE.A5000002&quot;/>&lt;/Identities>&lt;/AccessControlEntry>&lt;AccessControlEntry>&lt;Permissions>&lt;Permission ObjRef=&quot;A5RW6HEE.A4000001&quot;/>&lt;Permission ObjRef=&quot;A5RW6HEE.A4000003&quot;/>&lt;Permission ObjRef=&quot;A5RW6HEE.A4000005&quot;/>&lt;/Permissions>&lt;Identities>&lt;IdentityGroup ObjRef=&quot;A5RW6HEE.A5000003&quot;/>&lt;/Identities>&lt;/AccessControlEntry>&lt;AccessControlEntry>&lt;Permissions>&lt;Permission ObjRef=&quot;A5RW6HEE.A4000001&quot;/>&lt;/Permissions>&lt;Identities>&lt;IdentityGroup ObjRef=&quot;A5RW6HEE.A5000007&quot;/>&lt;/Identities>&lt;/AccessControlEntry>&lt;/AccessControlItems>"/><Search Value="*[@Name='Private User Folder ACT']"/><Objects Value="A5RW6HEE.AA0000SA"/></AccessControlTemplate><Permission Id="A5RW6HEE.A4000002" Name="ReadMetadata" Direct="false"><Search Value="*[@Name='ReadMetadata' and @Type='DENY']"/><Objects Value="A5RW6HEE.AA0000SA"/></Permission><Permission Id="A5RW6HEE.A4000004" Name="WriteMetadata" Direct="false"><Search Value="*[@Name='WriteMetadata' and @Type='DENY']"/><Objects Value="A5RW6HEE.AA0000SA"/></Permission><Permission Id="A5RW6HEE.A4000006" Name="CheckInMetadata" Direct="false"><Search Value="*[@Name='CheckInMetadata' and @Type='DENY']"/><Objects Value="A5RW6HEE.AA0000SA"/></Permission><IdentityGroup Id="A5RW6HEE.A5000002" Name="PUBLIC" PublicType="UserGroup" Direct="false"><Search Value="*[@Name='PUBLIC']"/><Objects Value="A5RW6HEE.AA0000SA"/></IdentityGroup><Permission Id="A5RW6HEE.A4000003" Name="WriteMetadata" Direct="false"><Search Value="*[@Name='WriteMetadata' and @Type='GRANT']"/><Objects Value="A5RW6HEE.AA0000SA"/></Permission><IdentityGroup Id="A5RW6HEE.A5000003" Name="SASAdministrators" PublicType="UserGroup" Direct="false"><Search Value="*[@Name='SASAdministrators']"/><Objects Value="A5RW6HEE.AA0000SA"/></IdentityGroup><IdentityGroup Id="A5RW6HEE.A5000007" Name="SAS System Services" PublicType="UserGroup" Direct="false"><Search Value="*[@Name='SAS System Services']"/><Objects Value="A5RW6HEE.AA0000SA"/></IdentityGroup><Tree Id="A5RW6HEE.AA0000S9" Name="sasadm" Desc="" PublicType="Folder" Path="/User Folders/sasadm(Folder)" ConnectionAction="F"><Search Value="*[@Name='sasadm'][ParentTree/*[@Name='User Folders']]"/><Objects Value="A5RW6HEE.AA0000SA"/></Tree><ResponsibleParty Id="A5RW6HEE.AU000001" Name="sasadm" Desc="" ConnectionAction="W"><Search Value="*[@Name='sasadm' and @Role='Modified By'][Persons/*[@Name='sasadm']]"/><Objects Value="A5RW6HEE.AA0000SA"/></ResponsibleParty><ExternalTable Id="A5RW6HEE.C4000003" Name="Cars" Desc="" PublicType="ExternalFile" Path="/User Folders/sasadm/Data/Raw_Files/Cars(ExternalFile)" Direct="false"><Search Value="*[@Name='Cars'][Trees/*[@Name='Raw_Files']/ParentTree/*[@Name='Data']/ParentTree/*[@Name='sasadm']/ParentTree/*[@Name='User Folders']]"/><Objects Value="A5RW6HEE.BR00000J"/></ExternalTable><PhysicalTable Id="A5RW6HEE.BK0000SF" Name="CARS" Desc="" PublicType="Table" Path="/User Folders/sasadm/Data/M_DI0/CARS(Table)" Direct="false"><UserProperty Key="LIBRARY" Value="M_DI0"/><UserProperty Key="TABLE_NAME" Value="CARS"/><Search Value="*[@Name='CARS'][TablePackage/*[@Name='M_DI0']/DeployedComponents/*[@ClassIdentifier='SAS Application Server' and @Name='SASApp']]"/><Objects Value="A5RW6HEE.BR00000J"/></PhysicalTable><Column Id="A5RW6HEE.BM000131" Name="MPG_City" Desc="" PublicType="Column" Direct="false"><UserProperty Key="SOURCE_TABLE_ID" Value="A5RW6HEE.C4000003"/><Search Value="*[@Name='MPG_City'][Table/*[@Name='Cars']/Trees/*[@Name='Raw_Files']/ParentTree/*[@Name='Data']/ParentTree/*[@Name='sasadm']/ParentTree/*[@Name='User Folders']]"/><Objects Value="A5RW6HEE.BR00000J"/></Column><Column Id="A5RW6HEE.BM00013Y" Name="MPG_City" Desc="" PublicType="Column" Direct="false"><UserProperty Key="SOURCE_TABLE_ID" Value="A5RW6HEE.BK0000SF"/><Search Value="*[@Name='MPG_City'][Table/*[@Name='CARS']/TablePackage/*[@Name='M_DI0']/DeployedComponents/*[@ClassIdentifier='SAS Application Server' and @Name='SASApp']]"/><Objects Value="A5RW6HEE.BR00000J"/></Column><Column Id="A5RW6HEE.BM00012R" Name="Make" Desc="" PublicType="Column" Direct="false"><UserProperty Key="SOURCE_TABLE_ID" Value="A5RW6HEE.C4000003"/><Search Value="*[@Name='Make'][Table/*[@Name='Cars']/Trees/*[@Name='Raw_Files']/ParentTree/*[@Name='Data']/ParentTree/*[@Name='sasadm']/ParentTree/*[@Name='User Folders']]"/><Objects Value="A5RW6HEE.BR00000J"/></Column><Column Id="A5RW6HEE.BM0001X6" Name="Make" Desc="" PublicType="Column" Direct="false"><UserProperty Key="SOURCE_TABLE_ID" Value="A5RW6HEE.BK0000SF"/><Search Value="*[@Name='Make'][Table/*[@Name='CARS']/TablePackage/*[@Name='M_DI0']/DeployedComponents/*[@ClassIdentifier='SAS Application Server' and @Name='SASApp']]"/><Objects Value="A5RW6HEE.BR00000J"/></Column><Column Id="A5RW6HEE.BM00012S" Name="Model" Desc="" PublicType="Column" Direct="false"><UserProperty Key="SOURCE_TABLE_ID" Value="A5RW6HEE.C4000003"/><Search Value="*[@Name='Model'][Table/*[@Name='Cars']/Trees/*[@Name='Raw_Files']/ParentTree/*[@Name='Data']/ParentTree/*[@Name='sasadm']/ParentTree/*[@Name='User Folders']]"/><Objects Value="A5RW6HEE.BR00000J"/></Column><Column Id="A5RW6HEE.BM0001Y0" Name="Model" Desc="" PublicType="Column" Direct="false"><UserProperty Key="SOURCE_TABLE_ID" Value="A5RW6HEE.BK0000SF"/><Search Value="*[@Name='Model'][Table/*[@Name='CARS']/TablePackage/*[@Name='M_DI0']/DeployedComponents/*[@ClassIdentifier='SAS Application Server' and @Name='SASApp']]"/><Objects Value="A5RW6HEE.BR00000J"/></Column><Column Id="A5RW6HEE.BM00012T" Name="Type" Desc="" PublicType="Column" Direct="false"><UserProperty Key="SOURCE_TABLE_ID" Value="A5RW6HEE.C4000003"/><Search Value="*[@Name='Type'][Table/*[@Name='Cars']/Trees/*[@Name='Raw_Files']/ParentTree/*[@Name='Data']/ParentTree/*[@Name='sasadm']/ParentTree/*[@Name='User Folders']]"/><Objects Value="A5RW6HEE.BR00000J"/></Column><Column Id="A5RW6HEE.BM0001Y1" Name="Type" Desc="" PublicType="Column" Direct="false"><UserProperty Key="SOURCE_TABLE_ID" Value="A5RW6HEE.BK0000SF"/><Search Value="*[@Name='Type'][Table/*[@Name='CARS']/TablePackage/*[@Name='M_DI0']/DeployedComponents/*[@ClassIdentifier='SAS Application Server' and @Name='SASApp']]"/><Objects Value="A5RW6HEE.BR00000J"/></Column><Column Id="A5RW6HEE.BM00012U" Name="Origin" Desc="" PublicType="Column" Direct="false"><UserProperty Key="SOURCE_TABLE_ID" Value="A5RW6HEE.C4000003"/><Search Value="*[@Name='Origin'][Table/*[@Name='Cars']/Trees/*[@Name='Raw_Files']/ParentTree/*[@Name='Data']/ParentTree/*[@Name='sasadm']/ParentTree/*[@Name='User Folders']]"/><Objects Value="A5RW6HEE.BR00000J"/></Column><Column Id="A5RW6HEE.BM0001Y2" Name="Origin" Desc="" PublicType="Column" Direct="false"><UserProperty Key="SOURCE_TABLE_ID" Value="A5RW6HEE.BK0000SF"/><Search Value="*[@Name='Origin'][Table/*[@Name='CARS']/TablePackage/*[@Name='M_DI0']/DeployedComponents/*[@ClassIdentifier='SAS Application Server' and @Name='SASApp']]"/><Objects Value="A5RW6HEE.BR00000J"/></Column><Column Id="A5RW6HEE.BM00012V" Name="DriveTrain" Desc="" PublicType="Column" Direct="false"><UserProperty Key="SOURCE_TABLE_ID" Value="A5RW6HEE.C4000003"/><Search Value="*[@Name='DriveTrain'][Table/*[@Name='Cars']/Trees/*[@Name='Raw_Files']/ParentTree/*[@Name='Data']/ParentTree/*[@Name='sasadm']/ParentTree/*[@Name='User Folders']]"/><Objects Value="A5RW6HEE.BR00000J"/></Column><Column Id="A5RW6HEE.BM0001Y3" Name="DriveTrain" Desc="" PublicType="Column" Direct="false"><UserProperty Key="SOURCE_TABLE_ID" Value="A5RW6HEE.BK0000SF"/><Search Value="*[@Name='DriveTrain'][Table/*[@Name='CARS']/TablePackage/*[@Name='M_DI0']/DeployedComponents/*[@ClassIdentifier='SAS Application Server' and @Name='SASApp']]"/><Objects Value="A5RW6HEE.BR00000J"/></Column><Column Id="A5RW6HEE.BM00012W" Name="MSRP" Desc="" PublicType="Column" Direct="false"><UserProperty Key="SOURCE_TABLE_ID" Value="A5RW6HEE.C4000003"/><Search Value="*[@Name='MSRP'][Table/*[@Name='Cars']/Trees/*[@Name='Raw_Files']/ParentTree/*[@Name='Data']/ParentTree/*[@Name='sasadm']/ParentTree/*[@Name='User Folders']]"/><Objects Value="A5RW6HEE.BR00000J"/></Column><Column Id="A5RW6HEE.BM0001Y4" Name="MSRP" Desc="" PublicType="Column" Direct="false"><UserProperty Key="SOURCE_TABLE_ID" Value="A5RW6HEE.BK0000SF"/><Search Value="*[@Name='MSRP'][Table/*[@Name='CARS']/TablePackage/*[@Name='M_DI0']/DeployedComponents/*[@ClassIdentifier='SAS Application Server' and @Name='SASApp']]"/><Objects Value="A5RW6HEE.BR00000J"/></Column><Column Id="A5RW6HEE.BM00012X" Name="Invoice" Desc="" PublicType="Column" Direct="false"><UserProperty Key="SOURCE_TABLE_ID" Value="A5RW6HEE.C4000003"/><Search Value="*[@Name='Invoice'][Table/*[@Name='Cars']/Trees/*[@Name='Raw_Files']/ParentTree/*[@Name='Data']/ParentTree/*[@Name='sasadm']/ParentTree/*[@Name='User Folders']]"/><Objects Value="A5RW6HEE.BR00000J"/></Column><Column Id="A5RW6HEE.BM0001Y5" Name="Invoice" Desc="" PublicType="Column" Direct="false"><UserProperty Key="SOURCE_TABLE_ID" Value="A5RW6HEE.BK0000SF"/><Search Value="*[@Name='Invoice'][Table/*[@Name='CARS']/TablePackage/*[@Name='M_DI0']/DeployedComponents/*[@ClassIdentifier='SAS Application Server' and @Name='SASApp']]"/><Objects Value="A5RW6HEE.BR00000J"/></Column><Column Id="A5RW6HEE.BM00012Y" Name="EngineSize" Desc="" PublicType="Column" Direct="false"><UserProperty Key="SOURCE_TABLE_ID" Value="A5RW6HEE.C4000003"/><Search Value="*[@Name='EngineSize'][Table/*[@Name='Cars']/Trees/*[@Name='Raw_Files']/ParentTree/*[@Name='Data']/ParentTree/*[@Name='sasadm']/ParentTree/*[@Name='User Folders']]"/><Objects Value="A5RW6HEE.BR00000J"/></Column><Column Id="A5RW6HEE.BM0001Y6" Name="EngineSize" Desc="" PublicType="Column" Direct="false"><UserProperty Key="SOURCE_TABLE_ID" Value="A5RW6HEE.BK0000SF"/><Search Value="*[@Name='EngineSize'][Table/*[@Name='CARS']/TablePackage/*[@Name='M_DI0']/DeployedComponents/*[@ClassIdentifier='SAS Application Server' and @Name='SASApp']]"/><Objects Value="A5RW6HEE.BR00000J"/></Column><Column Id="A5RW6HEE.BM00012Z" Name="Cylinders" Desc="" PublicType="Column" Direct="false"><UserProperty Key="SOURCE_TABLE_ID" Value="A5RW6HEE.C4000003"/><Search Value="*[@Name='Cylinders'][Table/*[@Name='Cars']/Trees/*[@Name='Raw_Files']/ParentTree/*[@Name='Data']/ParentTree/*[@Name='sasadm']/ParentTree/*[@Name='User Folders']]"/><Objects Value="A5RW6HEE.BR00000J"/></Column><Column Id="A5RW6HEE.BM0001Y7" Name="Cylinders" Desc="" PublicType="Column" Direct="false"><UserProperty Key="SOURCE_TABLE_ID" Value="A5RW6HEE.BK0000SF"/><Search Value="*[@Name='Cylinders'][Table/*[@Name='CARS']/TablePackage/*[@Name='M_DI0']/DeployedComponents/*[@ClassIdentifier='SAS Application Server' and @Name='SASApp']]"/><Objects Value="A5RW6HEE.BR00000J"/></Column><Column Id="A5RW6HEE.BM000130" Name="Horsepower" Desc="" PublicType="Column" Direct="false"><UserProperty Key="SOURCE_TABLE_ID" Value="A5RW6HEE.C4000003"/><Search Value="*[@Name='Horsepower'][Table/*[@Name='Cars']/Trees/*[@Name='Raw_Files']/ParentTree/*[@Name='Data']/ParentTree/*[@Name='sasadm']/ParentTree/*[@Name='User Folders']]"/><Objects Value="A5RW6HEE.BR00000J"/></Column><Column Id="A5RW6HEE.BM0001Y8" Name="Horsepower" Desc="" PublicType="Column" Direct="false"><UserProperty Key="SOURCE_TABLE_ID" Value="A5RW6HEE.BK0000SF"/><Search Value="*[@Name='Horsepower'][Table/*[@Name='CARS']/TablePackage/*[@Name='M_DI0']/DeployedComponents/*[@ClassIdentifier='SAS Application Server' and @Name='SASApp']]"/><Objects Value="A5RW6HEE.BR00000J"/></Column><Column Id="A5RW6HEE.BM000132" Name="MPG_Highway" Desc="" PublicType="Column" Direct="false"><UserProperty Key="SOURCE_TABLE_ID" Value="A5RW6HEE.C4000003"/><Search Value="*[@Name='MPG_Highway'][Table/*[@Name='Cars']/Trees/*[@Name='Raw_Files']/ParentTree/*[@Name='Data']/ParentTree/*[@Name='sasadm']/ParentTree/*[@Name='User Folders']]"/><Objects Value="A5RW6HEE.BR00000J"/></Column><Column Id="A5RW6HEE.BM0001Y9" Name="MPG_Highway" Desc="" PublicType="Column" Direct="false"><UserProperty Key="SOURCE_TABLE_ID" Value="A5RW6HEE.BK0000SF"/><Search Value="*[@Name='MPG_Highway'][Table/*[@Name='CARS']/TablePackage/*[@Name='M_DI0']/DeployedComponents/*[@ClassIdentifier='SAS Application Server' and @Name='SASApp']]"/><Objects Value="A5RW6HEE.BR00000J"/></Column><Column Id="A5RW6HEE.BM000133" Name="Weight" Desc="" PublicType="Column" Direct="false"><UserProperty Key="SOURCE_TABLE_ID" Value="A5RW6HEE.C4000003"/><Search Value="*[@Name='Weight'][Table/*[@Name='Cars']/Trees/*[@Name='Raw_Files']/ParentTree/*[@Name='Data']/ParentTree/*[@Name='sasadm']/ParentTree/*[@Name='User Folders']]"/><Objects Value="A5RW6HEE.BR00000J"/></Column><Column Id="A5RW6HEE.BM0001YA" Name="Weight" Desc="" PublicType="Column" Direct="false"><UserProperty Key="SOURCE_TABLE_ID" Value="A5RW6HEE.BK0000SF"/><Search Value="*[@Name='Weight'][Table/*[@Name='CARS']/TablePackage/*[@Name='M_DI0']/DeployedComponents/*[@ClassIdentifier='SAS Application Server' and @Name='SASApp']]"/><Objects Value="A5RW6HEE.BR00000J"/></Column><Column Id="A5RW6HEE.BM000134" Name="Wheelbase" Desc="" PublicType="Column" Direct="false"><UserProperty Key="SOURCE_TABLE_ID" Value="A5RW6HEE.C4000003"/><Search Value="*[@Name='Wheelbase'][Table/*[@Name='Cars']/Trees/*[@Name='Raw_Files']/ParentTree/*[@Name='Data']/ParentTree/*[@Name='sasadm']/ParentTree/*[@Name='User Folders']]"/><Objects Value="A5RW6HEE.BR00000J"/></Column><Column Id="A5RW6HEE.BM0001YB" Name="Wheelbase" Desc="" PublicType="Column" Direct="false"><UserProperty Key="SOURCE_TABLE_ID" Value="A5RW6HEE.BK0000SF"/><Search Value="*[@Name='Wheelbase'][Table/*[@Name='CARS']/TablePackage/*[@Name='M_DI0']/DeployedComponents/*[@ClassIdentifier='SAS Application Server' and @Name='SASApp']]"/><Objects Value="A5RW6HEE.BR00000J"/></Column><Column Id="A5RW6HEE.BM000135" Name="Length" Desc="" PublicType="Column" Direct="false"><UserProperty Key="SOURCE_TABLE_ID" Value="A5RW6HEE.C4000003"/><Search Value="*[@Name='Length'][Table/*[@Name='Cars']/Trees/*[@Name='Raw_Files']/ParentTree/*[@Name='Data']/ParentTree/*[@Name='sasadm']/ParentTree/*[@Name='User Folders']]"/><Objects Value="A5RW6HEE.BR00000J"/></Column><Column Id="A5RW6HEE.BM0001YC" Name="Length" Desc="" PublicType="Column" Direct="false"><UserProperty Key="SOURCE_TABLE_ID" Value="A5RW6HEE.BK0000SF"/><Search Value="*[@Name='Length'][Table/*[@Name='CARS']/TablePackage/*[@Name='M_DI0']/DeployedComponents/*[@ClassIdentifier='SAS Application Server' and @Name='SASApp']]"/><Objects Value="A5RW6HEE.BR00000J"/></Column><ResponsibleParty Id="A5RW6HEE.AU0000S4" Name="sukgeb" Desc=""><Search Value="*[@Name='sukgeb' and @Role='Created By'][Persons/*[@Name='sukgeb']]"/><Objects Value="A5RW6HEE.BR00000J"/></ResponsibleParty><ResponsibleParty Id="A5RW6HEE.AU0000S3" Name="sukgeb" Desc=""><Search Value="*[@Name='sukgeb' and @Role='Modified By'][Persons/*[@Name='sukgeb']]"/><Objects Value="A5RW6HEE.BR00000J"/></ResponsibleParty><Tree Id="A5RW6HEE.AA0000SA" Name="Jobs" Desc="" PublicType="Folder" Path="/User Folders/sasadm/Jobs(Folder)" Active="false" ConnectionAction="F"><Search Value="*[@Name='Jobs'][ParentTree/*[@Name='sasadm']/ParentTree/*[@Name='User Folders']]"/><Objects Value="A5RW6HEE.BR00000J"/></Tree></Connections></ConnectionMapping>