<?xml version='1.0' encoding='UTF-8'?><!--IMPORTANT: This file should not be edited.--><DeployMap><Objects N="2"><Tree Id="A5RW6HEE.AA0000SA" PO="1" Name="Jobs" Desc="" PublicType="Folder" UsageVersion="1000000" Path="/User Folders/sasadm/Jobs(Folder)"/><Job Id="A5RW6HEE.BR00000J" PO="2" Name="JOB001_READ_CSV" Desc="" PublicType="Job" UsageVersion="1000000" Path="/User Folders/sasadm/Jobs/JOB001_READ_CSV(Job)"/></Objects><Connections><Permission Id="A5RW6HEE.A4000001" CPO="1" DCPO="" Name="ReadMetadata" Desc="" Search="*[@Name='ReadMetadata' and @Type='GRANT']" Deploy_Id=""/><Permission Id="A5RW6HEE.A400000J" CPO="1" DCPO="" Name="WriteMemberMetadata" Desc="" Search="*[@Name='WriteMemberMetadata' and @Type='GRANT']" Deploy_Id=""/><Permission Id="A5RW6HEE.A4000005" CPO="1" DCPO="" Name="CheckInMetadata" Desc="" Search="*[@Name='CheckInMetadata' and @Type='GRANT']" Deploy_Id=""/><Permission Id="A5RW6HEE.A4000007" CPO="1" DCPO="" Name="Read" Desc="" Search="*[@Name='Read' and @Type='GRANT']" Deploy_Id=""/><Permission Id="A5RW6HEE.A4000009" CPO="1" DCPO="" Name="Write" Desc="" Search="*[@Name='Write' and @Type='GRANT']" Deploy_Id=""/><Permission Id="A5RW6HEE.A400000B" CPO="1" DCPO="" Name="Administer" Desc="" Search="*[@Name='Administer' and @Type='GRANT']" Deploy_Id=""/><Permission Id="A5RW6HEE.A400000D" CPO="1" DCPO="" Name="Create" Desc="" Search="*[@Name='Create' and @Type='GRANT']" Deploy_Id=""/><Permission Id="A5RW6HEE.A400000F" CPO="1" DCPO="" Name="Delete" Desc="" Search="*[@Name='Delete' and @Type='GRANT']" Deploy_Id=""/><Permission Id="A5RW6HEE.A400000H" CPO="1" DCPO="" Name="Execute" Desc="" Search="*[@Name='Execute' and @Type='GRANT']" Deploy_Id=""/><Permission Id="A5RW6HEE.A400000V" CPO="1" DCPO="" Name="Update" Desc="" Search="*[@Name='Update' and @Type='GRANT']" Deploy_Id=""/><Person Id="A5RW6HEE.AP000001" CPO="1" DCPO="" Name="sasadm" Desc="" PublicType="User" Search="*[@Name='sasadm']" Deploy_Id=""/><AccessControlTemplate Id="A5RW6HEE.AO000002" CPO="1" Name="Private User Folder ACT" Desc="Gives the SAS Administrators group exclusive Read and Write access." PublicType="ACT" Search="*[@Name='Private User Folder ACT']" Deploy_Id=""/><Tree Id="A5RW6HEE.AA0000S9" CPO="1" Name="sasadm" Desc="" PublicType="Folder" Search="*[@Name='sasadm'][ParentTree/*[@Name='User Folders']]" ConnectionAction="F" Deploy_Id=""/><ResponsibleParty Id="A5RW6HEE.AU000001" CPO="1" Name="sasadm" Desc="" Search="*[@Name='sasadm' and @Role='Modified By'][Persons/*[@Name='sasadm']]" ConnectionAction="W" Deploy_Id=""/><ExternalTable Id="A5RW6HEE.C4000003" CPO="2" DCPO="" Name="Cars" Desc="" PublicType="ExternalFile" Search="*[@Name='Cars'][Trees/*[@Name='Raw_Files']/ParentTree/*[@Name='Data']/ParentTree/*[@Name='sasadm']/ParentTree/*[@Name='User Folders']]" Deploy_Id=""/><PhysicalTable Id="A5RW6HEE.BK0000SF" CPO="2" DCPO="" Name="CARS" Desc="" PublicType="Table" Search="*[@Name='CARS'][TablePackage/*[@Name='M_DI0']/DeployedComponents/*[@ClassIdentifier='SAS Application Server' and @Name='SASApp']]" Deploy_Id=""/><Column Id="A5RW6HEE.BM000131" CPO="2" DCPO="" Name="MPG_City" Desc="" PublicType="Column" Search="*[@Name='MPG_City'][Table/*[@Name='Cars']/Trees/*[@Name='Raw_Files']/ParentTree/*[@Name='Data']/ParentTree/*[@Name='sasadm']/ParentTree/*[@Name='User Folders']]" CPRes="Y" Deploy_Id=""/><Column Id="A5RW6HEE.BM00013Y" CPO="2" DCPO="" Name="MPG_City" Desc="" PublicType="Column" Search="*[@Name='MPG_City'][Table/*[@Name='CARS']/TablePackage/*[@Name='M_DI0']/DeployedComponents/*[@ClassIdentifier='SAS Application Server' and @Name='SASApp']]" CPRes="Y" Deploy_Id=""/><Column Id="A5RW6HEE.BM00012R" CPO="2" DCPO="" Name="Make" Desc="" PublicType="Column" Search="*[@Name='Make'][Table/*[@Name='Cars']/Trees/*[@Name='Raw_Files']/ParentTree/*[@Name='Data']/ParentTree/*[@Name='sasadm']/ParentTree/*[@Name='User Folders']]" CPRes="Y" Deploy_Id=""/><Column Id="A5RW6HEE.BM0001X6" CPO="2" DCPO="" Name="Make" Desc="" PublicType="Column" Search="*[@Name='Make'][Table/*[@Name='CARS']/TablePackage/*[@Name='M_DI0']/DeployedComponents/*[@ClassIdentifier='SAS Application Server' and @Name='SASApp']]" CPRes="Y" Deploy_Id=""/><Column Id="A5RW6HEE.BM00012S" CPO="2" DCPO="" Name="Model" Desc="" PublicType="Column" Search="*[@Name='Model'][Table/*[@Name='Cars']/Trees/*[@Name='Raw_Files']/ParentTree/*[@Name='Data']/ParentTree/*[@Name='sasadm']/ParentTree/*[@Name='User Folders']]" CPRes="Y" Deploy_Id=""/><Column Id="A5RW6HEE.BM0001Y0" CPO="2" DCPO="" Name="Model" Desc="" PublicType="Column" Search="*[@Name='Model'][Table/*[@Name='CARS']/TablePackage/*[@Name='M_DI0']/DeployedComponents/*[@ClassIdentifier='SAS Application Server' and @Name='SASApp']]" CPRes="Y" Deploy_Id=""/><Column Id="A5RW6HEE.BM00012T" CPO="2" DCPO="" Name="Type" Desc="" PublicType="Column" Search="*[@Name='Type'][Table/*[@Name='Cars']/Trees/*[@Name='Raw_Files']/ParentTree/*[@Name='Data']/ParentTree/*[@Name='sasadm']/ParentTree/*[@Name='User Folders']]" CPRes="Y" Deploy_Id=""/><Column Id="A5RW6HEE.BM0001Y1" CPO="2" DCPO="" Name="Type" Desc="" PublicType="Column" Search="*[@Name='Type'][Table/*[@Name='CARS']/TablePackage/*[@Name='M_DI0']/DeployedComponents/*[@ClassIdentifier='SAS Application Server' and @Name='SASApp']]" CPRes="Y" Deploy_Id=""/><Column Id="A5RW6HEE.BM00012U" CPO="2" DCPO="" Name="Origin" Desc="" PublicType="Column" Search="*[@Name='Origin'][Table/*[@Name='Cars']/Trees/*[@Name='Raw_Files']/ParentTree/*[@Name='Data']/ParentTree/*[@Name='sasadm']/ParentTree/*[@Name='User Folders']]" CPRes="Y" Deploy_Id=""/><Column Id="A5RW6HEE.BM0001Y2" CPO="2" DCPO="" Name="Origin" Desc="" PublicType="Column" Search="*[@Name='Origin'][Table/*[@Name='CARS']/TablePackage/*[@Name='M_DI0']/DeployedComponents/*[@ClassIdentifier='SAS Application Server' and @Name='SASApp']]" CPRes="Y" Deploy_Id=""/><Column Id="A5RW6HEE.BM00012V" CPO="2" DCPO="" Name="DriveTrain" Desc="" PublicType="Column" Search="*[@Name='DriveTrain'][Table/*[@Name='Cars']/Trees/*[@Name='Raw_Files']/ParentTree/*[@Name='Data']/ParentTree/*[@Name='sasadm']/ParentTree/*[@Name='User Folders']]" CPRes="Y" Deploy_Id=""/><Column Id="A5RW6HEE.BM0001Y3" CPO="2" DCPO="" Name="DriveTrain" Desc="" PublicType="Column" Search="*[@Name='DriveTrain'][Table/*[@Name='CARS']/TablePackage/*[@Name='M_DI0']/DeployedComponents/*[@ClassIdentifier='SAS Application Server' and @Name='SASApp']]" CPRes="Y" Deploy_Id=""/><Column Id="A5RW6HEE.BM00012W" CPO="2" DCPO="" Name="MSRP" Desc="" PublicType="Column" Search="*[@Name='MSRP'][Table/*[@Name='Cars']/Trees/*[@Name='Raw_Files']/ParentTree/*[@Name='Data']/ParentTree/*[@Name='sasadm']/ParentTree/*[@Name='User Folders']]" CPRes="Y" Deploy_Id=""/><Column Id="A5RW6HEE.BM0001Y4" CPO="2" DCPO="" Name="MSRP" Desc="" PublicType="Column" Search="*[@Name='MSRP'][Table/*[@Name='CARS']/TablePackage/*[@Name='M_DI0']/DeployedComponents/*[@ClassIdentifier='SAS Application Server' and @Name='SASApp']]" CPRes="Y" Deploy_Id=""/><Column Id="A5RW6HEE.BM00012X" CPO="2" DCPO="" Name="Invoice" Desc="" PublicType="Column" Search="*[@Name='Invoice'][Table/*[@Name='Cars']/Trees/*[@Name='Raw_Files']/ParentTree/*[@Name='Data']/ParentTree/*[@Name='sasadm']/ParentTree/*[@Name='User Folders']]" CPRes="Y" Deploy_Id=""/><Column Id="A5RW6HEE.BM0001Y5" CPO="2" DCPO="" Name="Invoice" Desc="" PublicType="Column" Search="*[@Name='Invoice'][Table/*[@Name='CARS']/TablePackage/*[@Name='M_DI0']/DeployedComponents/*[@ClassIdentifier='SAS Application Server' and @Name='SASApp']]" CPRes="Y" Deploy_Id=""/><Column Id="A5RW6HEE.BM00012Y" CPO="2" DCPO="" Name="EngineSize" Desc="" PublicType="Column" Search="*[@Name='EngineSize'][Table/*[@Name='Cars']/Trees/*[@Name='Raw_Files']/ParentTree/*[@Name='Data']/ParentTree/*[@Name='sasadm']/ParentTree/*[@Name='User Folders']]" CPRes="Y" Deploy_Id=""/><Column Id="A5RW6HEE.BM0001Y6" CPO="2" DCPO="" Name="EngineSize" Desc="" PublicType="Column" Search="*[@Name='EngineSize'][Table/*[@Name='CARS']/TablePackage/*[@Name='M_DI0']/DeployedComponents/*[@ClassIdentifier='SAS Application Server' and @Name='SASApp']]" CPRes="Y" Deploy_Id=""/><Column Id="A5RW6HEE.BM00012Z" CPO="2" DCPO="" Name="Cylinders" Desc="" PublicType="Column" Search="*[@Name='Cylinders'][Table/*[@Name='Cars']/Trees/*[@Name='Raw_Files']/ParentTree/*[@Name='Data']/ParentTree/*[@Name='sasadm']/ParentTree/*[@Name='User Folders']]" CPRes="Y" Deploy_Id=""/><Column Id="A5RW6HEE.BM0001Y7" CPO="2" DCPO="" Name="Cylinders" Desc="" PublicType="Column" Search="*[@Name='Cylinders'][Table/*[@Name='CARS']/TablePackage/*[@Name='M_DI0']/DeployedComponents/*[@ClassIdentifier='SAS Application Server' and @Name='SASApp']]" CPRes="Y" Deploy_Id=""/><Column Id="A5RW6HEE.BM000130" CPO="2" DCPO="" Name="Horsepower" Desc="" PublicType="Column" Search="*[@Name='Horsepower'][Table/*[@Name='Cars']/Trees/*[@Name='Raw_Files']/ParentTree/*[@Name='Data']/ParentTree/*[@Name='sasadm']/ParentTree/*[@Name='User Folders']]" CPRes="Y" Deploy_Id=""/><Column Id="A5RW6HEE.BM0001Y8" CPO="2" DCPO="" Name="Horsepower" Desc="" PublicType="Column" Search="*[@Name='Horsepower'][Table/*[@Name='CARS']/TablePackage/*[@Name='M_DI0']/DeployedComponents/*[@ClassIdentifier='SAS Application Server' and @Name='SASApp']]" CPRes="Y" Deploy_Id=""/><Column Id="A5RW6HEE.BM000132" CPO="2" DCPO="" Name="MPG_Highway" Desc="" PublicType="Column" Search="*[@Name='MPG_Highway'][Table/*[@Name='Cars']/Trees/*[@Name='Raw_Files']/ParentTree/*[@Name='Data']/ParentTree/*[@Name='sasadm']/ParentTree/*[@Name='User Folders']]" CPRes="Y" Deploy_Id=""/><Column Id="A5RW6HEE.BM0001Y9" CPO="2" DCPO="" Name="MPG_Highway" Desc="" PublicType="Column" Search="*[@Name='MPG_Highway'][Table/*[@Name='CARS']/TablePackage/*[@Name='M_DI0']/DeployedComponents/*[@ClassIdentifier='SAS Application Server' and @Name='SASApp']]" CPRes="Y" Deploy_Id=""/><Column Id="A5RW6HEE.BM000133" CPO="2" DCPO="" Name="Weight" Desc="" PublicType="Column" Search="*[@Name='Weight'][Table/*[@Name='Cars']/Trees/*[@Name='Raw_Files']/ParentTree/*[@Name='Data']/ParentTree/*[@Name='sasadm']/ParentTree/*[@Name='User Folders']]" CPRes="Y" Deploy_Id=""/><Column Id="A5RW6HEE.BM0001YA" CPO="2" DCPO="" Name="Weight" Desc="" PublicType="Column" Search="*[@Name='Weight'][Table/*[@Name='CARS']/TablePackage/*[@Name='M_DI0']/DeployedComponents/*[@ClassIdentifier='SAS Application Server' and @Name='SASApp']]" CPRes="Y" Deploy_Id=""/><Column Id="A5RW6HEE.BM000134" CPO="2" DCPO="" Name="Wheelbase" Desc="" PublicType="Column" Search="*[@Name='Wheelbase'][Table/*[@Name='Cars']/Trees/*[@Name='Raw_Files']/ParentTree/*[@Name='Data']/ParentTree/*[@Name='sasadm']/ParentTree/*[@Name='User Folders']]" CPRes="Y" Deploy_Id=""/><Column Id="A5RW6HEE.BM0001YB" CPO="2" DCPO="" Name="Wheelbase" Desc="" PublicType="Column" Search="*[@Name='Wheelbase'][Table/*[@Name='CARS']/TablePackage/*[@Name='M_DI0']/DeployedComponents/*[@ClassIdentifier='SAS Application Server' and @Name='SASApp']]" CPRes="Y" Deploy_Id=""/><Column Id="A5RW6HEE.BM000135" CPO="2" DCPO="" Name="Length" Desc="" PublicType="Column" Search="*[@Name='Length'][Table/*[@Name='Cars']/Trees/*[@Name='Raw_Files']/ParentTree/*[@Name='Data']/ParentTree/*[@Name='sasadm']/ParentTree/*[@Name='User Folders']]" CPRes="Y" Deploy_Id=""/><Column Id="A5RW6HEE.BM0001YC" CPO="2" DCPO="" Name="Length" Desc="" PublicType="Column" Search="*[@Name='Length'][Table/*[@Name='CARS']/TablePackage/*[@Name='M_DI0']/DeployedComponents/*[@ClassIdentifier='SAS Application Server' and @Name='SASApp']]" CPRes="Y" Deploy_Id=""/><ResponsibleParty Id="A5RW6HEE.AU0000S4" CPO="2" Name="sukgeb" Desc="" Search="*[@Name='sukgeb' and @Role='Created By'][Persons/*[@Name='sukgeb']]" Deploy_Id=""/><ResponsibleParty Id="A5RW6HEE.AU0000S3" CPO="2" Name="sukgeb" Desc="" Search="*[@Name='sukgeb' and @Role='Modified By'][Persons/*[@Name='sukgeb']]" Deploy_Id=""/><Tree Id="A5RW6HEE.AA0000SA" CPO="2" XPO="1" Name="Jobs" Desc="" PublicType="Folder" Search="*[@Name='Jobs'][ParentTree/*[@Name='sasadm']/ParentTree/*[@Name='User Folders']]" ConnectionAction="F" Deploy_Id="" Deploy_Action="Ignore"/></Connections><Substitutions/></DeployMap>