<TransportXml XtractVersion="3.02" ModelVersion="16.01" PlatformVersion="9.4.7.0"><Tree Id="A5RW6HEE.AA0000SA" Name="Jobs" PublicType="Folder" TreeType="BIP Folder" UsageVersion="1000000"><AccessControls><AccessControlEntry Id="A5RW6HEE.A60000SG" Name="AA0000SA:A60000SG"><Permissions><Permission ObjRef="A5RW6HEE.A4000001"/><Permission ObjRef="A5RW6HEE.A400000J"/><Permission ObjRef="A5RW6HEE.A4000005"/><Permission ObjRef="A5RW6HEE.A4000007"/><Permission ObjRef="A5RW6HEE.A4000009"/><Permission ObjRef="A5RW6HEE.A400000B"/><Permission ObjRef="A5RW6HEE.A400000D"/><Permission ObjRef="A5RW6HEE.A400000F"/><Permission ObjRef="A5RW6HEE.A400000H"/><Permission ObjRef="A5RW6HEE.A400000V"/></Permissions><Identities><Person ObjRef="A5RW6HEE.AP000001"/></Identities></AccessControlEntry><AccessControlTemplate ObjRef="A5RW6HEE.AO000002"/></AccessControls><ParentTree><Tree ObjRef="A5RW6HEE.AA0000S9"/></ParentTree><ResponsibleParties><ResponsibleParty ObjRef="A5RW6HEE.AU000001"/></ResponsibleParties><PropertySets><PropertySet Id="A5RW6HEE.AB0000SA" Name="ModifiedByProductPropertySet" SetRole="ModifiedByProductPropertySet"><Properties><Property Id="A5RW6HEE.AC0002GW" Name="ModifiedByProduct" DefaultValue="Version 4.905 of SAS Data Integration Studio" PropertyName="ModifiedByProduct" UseValueOnly="1"/></Properties></PropertySet></PropertySets></Tree><Job Id="A5RW6HEE.BR00000J" Name="JOB001_READ_CSV" PublicType="Job" UsageVersion="1000000"><CustomAssociations><CustomAssociation Id="A5RW6HEE.BI00013I" Name="ControlOrder" PartnerName="ControlOrderPartner"><AssociatedObjects><TransformationStep Id="A5RW6HEE.BT00002T" Name="File Reader - GIT Change" TransformRole="FileReader" UsageVersion="1000000"><CustomAssociations><CustomAssociation Id="A5RW6HEE.BI00013Q" Name="ColumnsExcludedFromMapping" PartnerName="ColumnsExcludedFromMappingPartner"/><CustomAssociation Id="A5RW6HEE.BI00013R" Name="ColumnsExcludedFromPropagation" PartnerName="ColumnsExcludedFromPropagationPartner"/><CustomAssociation Id="A5RW6HEE.BI00013S" Name="ConnectedSources" PartnerName="ConnectedSourcesPartner"><AssociatedObjects><ExternalTable ObjRef="A5RW6HEE.C4000003"/></AssociatedObjects></CustomAssociation></CustomAssociations><Properties><Property Id="A5RW6HEE.AC0004OH" Name="Class" DefaultValue="com.sas.wadmin.visuals.FileReader" PropertyName="Class" UseValueOnly="1"/></Properties><PropertySets><PropertySet Id="A5RW6HEE.AB000285" Name="TransformTableOptions" PropertySetName="Write" SetRole="TransformTableOptions"><CustomAssociations><CustomAssociation Id="A5RW6HEE.BI00013T" Name="AssociatedObject" PartnerName="AssociatedObjectPartner"><AssociatedObjects><PhysicalTable ObjRef="A5RW6HEE.BK0000SF"/></AssociatedObjects></CustomAssociation></CustomAssociations></PropertySet><PropertySet Id="A5RW6HEE.AB000284" Name="OPTIONS" SetRole="OPTIONS"><Properties><Property Id="A5RW6HEE.AC0004OI" Name="SystemOptions" PropertyName="SystemOptions" PropertyRole="SYSTEM" UseValueOnly="1"/><Property Id="A5RW6HEE.AC0004OS" Name="CLEARLIBREFSTRANSFORM" DefaultValue="JOB" PropertyName="CLEARLIBREFSTRANSFORM" PropertyRole="CLEARLIBREFSTRANSFORM" UseValueOnly="1"/><Property Id="A5RW6HEE.AC0004OT" Name="SYSLAST" DefaultValue="YES" PropertyName="SYSLAST" PropertyRole="SYSLAST" UseValueOnly="1"/><Property Id="A5RW6HEE.AC0004OU" Name="GENERATEFORMATSINFORMATS" DefaultValue="JOB" PropertyName="GENERATEFORMATSINFORMATS" PropertyRole="GENERATEFORMATSINFORMATS" UseValueOnly="1"/><Property Id="A5RW6HEE.AC0004OV" Name="USECONNECTUSING" DefaultValue="JOB" PropertyName="USECONNECTUSING" PropertyRole="USECONNECTUSING" UseValueOnly="1"/><Property Id="A5RW6HEE.AC0004OW" Name="APPENDFORCE" DefaultValue="YES" PropertyName="APPENDFORCE" PropertyRole="APPENDFORCE" UseValueOnly="1"/><Property Id="A5RW6HEE.AC0004OX" Name="COLMACROVARS" DefaultValue="YES" PropertyName="COLMACROVARS" PropertyRole="COLMACROVARS" UseValueOnly="1"/><Property Id="A5RW6HEE.AC0004OY" Name="FILEMACROVARS" DefaultValue="YES" PropertyName="FILEMACROVARS" PropertyRole="FILEMACROVARS" UseValueOnly="1"/></Properties><SetProperties><Property Id="A5RW6HEE.AC0004OJ" Name="ETLS_DIAGNOSTICS" DefaultValue="false" PropertyName="ETLS_DIAGNOSTICS" PropertyRole="OPTION" SQLType="16" UseValueOnly="1"/><Property Id="A5RW6HEE.AC0004OK" Name="GenerateDISHeaderFooter" DefaultValue="true" PropertyName="GenerateDISHeaderFooter" PropertyRole="OPTION" SQLType="16" UseValueOnly="1"/><Property Id="A5RW6HEE.AC0004OL" Name="ENABLECHECKPOINT" DefaultValue="false" PropertyName="ENABLECHECKPOINT" PropertyRole="OPTION" SQLType="16" UseValueOnly="1"/><Property Id="A5RW6HEE.AC0004OM" Name="RUN_ALWAYS" DefaultValue="false" PropertyName="RUN_ALWAYS" PropertyRole="OPTION" SQLType="16" UseValueOnly="1"/><Property Id="A5RW6HEE.AC0004ON" Name="UI_PLACEMENT" DefaultValue="&lt;?xml version=&quot;1.0&quot; encoding=&quot;UTF-8&quot; standalone=&quot;yes&quot;?&gt;&lt;UIPlacement&gt;&lt;xPosition&gt;266&lt;/xPosition&gt;&lt;yPosition&gt;130&lt;/yPosition&gt;&lt;nodeId&gt;bbe9bf07-c0a8-32ee-1a00-d38d53d52113&lt;/nodeId&gt;&lt;collapsed&gt;true&lt;/collapsed&gt;&lt;m_bChanged&gt;true&lt;/m_bChanged&gt;&lt;/UIPlacement&gt;" PropertyName="UI_PLACEMENT" PropertyRole="OPTION" UseValueOnly="1"/><Property Id="A5RW6HEE.AC0004OO" Name="IncludedInPropagation" DefaultValue="true" PropertyName="IncludedInPropagation" PropertyRole="OPTION" SQLType="16" UseValueOnly="1"/><Property Id="A5RW6HEE.AC0004OP" Name="IncludedInMapping" DefaultValue="true" PropertyName="IncludedInMapping" PropertyRole="OPTION" SQLType="16" UseValueOnly="1"/><Property Id="A5RW6HEE.AC0004OQ" Name="GenerateIndexesOnTargets" DefaultValue="true" PropertyName="GenerateIndexesOnTargets" PropertyRole="OPTION" SQLType="16" UseValueOnly="1"/><Property Id="A5RW6HEE.AC0004OR" Name="OPTION_DBI_DIRECT_EXEC" PropertyName="OPTION_DBI_DIRECT_EXEC" PropertyRole="OPTION" UseValueOnly="1"/></SetProperties></PropertySet></PropertySets><Transformations><ClassifierMap Id="A5RW6HEE.BG0000TU" Name="File Reader - GIT Change"><ClassifierSources><ExternalTable ObjRef="A5RW6HEE.C4000003"/></ClassifierSources><ClassifierTargets><PhysicalTable ObjRef="A5RW6HEE.BK0000SF"/></ClassifierTargets><FeatureMaps><FeatureMap Id="A5RW6HEE.BZ00006F" Name="MPG_City" TransformRole="ONETOONE"><FeatureSources><Column ObjRef="A5RW6HEE.BM000131"/></FeatureSources><FeatureTargets><Column ObjRef="A5RW6HEE.BM00013Y"/></FeatureTargets></FeatureMap><FeatureMap Id="A5RW6HEE.BZ0000ZO" Name="Make" TransformRole="ONETOONE"><FeatureSources><Column ObjRef="A5RW6HEE.BM00012R"/></FeatureSources><FeatureTargets><Column ObjRef="A5RW6HEE.BM0001X6"/></FeatureTargets></FeatureMap><FeatureMap Id="A5RW6HEE.BZ000102" Name="Model" TransformRole="ONETOONE"><FeatureSources><Column ObjRef="A5RW6HEE.BM00012S"/></FeatureSources><FeatureTargets><Column ObjRef="A5RW6HEE.BM0001Y0"/></FeatureTargets></FeatureMap><FeatureMap Id="A5RW6HEE.BZ000103" Name="Type" TransformRole="ONETOONE"><FeatureSources><Column ObjRef="A5RW6HEE.BM00012T"/></FeatureSources><FeatureTargets><Column ObjRef="A5RW6HEE.BM0001Y1"/></FeatureTargets></FeatureMap><FeatureMap Id="A5RW6HEE.BZ000104" Name="Origin" TransformRole="ONETOONE"><FeatureSources><Column ObjRef="A5RW6HEE.BM00012U"/></FeatureSources><FeatureTargets><Column ObjRef="A5RW6HEE.BM0001Y2"/></FeatureTargets></FeatureMap><FeatureMap Id="A5RW6HEE.BZ000105" Name="DriveTrain" TransformRole="ONETOONE"><FeatureSources><Column ObjRef="A5RW6HEE.BM00012V"/></FeatureSources><FeatureTargets><Column ObjRef="A5RW6HEE.BM0001Y3"/></FeatureTargets></FeatureMap><FeatureMap Id="A5RW6HEE.BZ000106" Name="MSRP" TransformRole="ONETOONE"><FeatureSources><Column ObjRef="A5RW6HEE.BM00012W"/></FeatureSources><FeatureTargets><Column ObjRef="A5RW6HEE.BM0001Y4"/></FeatureTargets></FeatureMap><FeatureMap Id="A5RW6HEE.BZ000107" Name="Invoice" TransformRole="ONETOONE"><FeatureSources><Column ObjRef="A5RW6HEE.BM00012X"/></FeatureSources><FeatureTargets><Column ObjRef="A5RW6HEE.BM0001Y5"/></FeatureTargets></FeatureMap><FeatureMap Id="A5RW6HEE.BZ000108" Name="EngineSize" TransformRole="ONETOONE"><FeatureSources><Column ObjRef="A5RW6HEE.BM00012Y"/></FeatureSources><FeatureTargets><Column ObjRef="A5RW6HEE.BM0001Y6"/></FeatureTargets></FeatureMap><FeatureMap Id="A5RW6HEE.BZ000109" Name="Cylinders" TransformRole="ONETOONE"><FeatureSources><Column ObjRef="A5RW6HEE.BM00012Z"/></FeatureSources><FeatureTargets><Column ObjRef="A5RW6HEE.BM0001Y7"/></FeatureTargets></FeatureMap><FeatureMap Id="A5RW6HEE.BZ00010A" Name="Horsepower" TransformRole="ONETOONE"><FeatureSources><Column ObjRef="A5RW6HEE.BM000130"/></FeatureSources><FeatureTargets><Column ObjRef="A5RW6HEE.BM0001Y8"/></FeatureTargets></FeatureMap><FeatureMap Id="A5RW6HEE.BZ00010B" Name="MPG_Highway" TransformRole="ONETOONE"><FeatureSources><Column ObjRef="A5RW6HEE.BM000132"/></FeatureSources><FeatureTargets><Column ObjRef="A5RW6HEE.BM0001Y9"/></FeatureTargets></FeatureMap><FeatureMap Id="A5RW6HEE.BZ00010C" Name="Weight" TransformRole="ONETOONE"><FeatureSources><Column ObjRef="A5RW6HEE.BM000133"/></FeatureSources><FeatureTargets><Column ObjRef="A5RW6HEE.BM0001YA"/></FeatureTargets></FeatureMap><FeatureMap Id="A5RW6HEE.BZ00010D" Name="Wheelbase" TransformRole="ONETOONE"><FeatureSources><Column ObjRef="A5RW6HEE.BM000134"/></FeatureSources><FeatureTargets><Column ObjRef="A5RW6HEE.BM0001YB"/></FeatureTargets></FeatureMap><FeatureMap Id="A5RW6HEE.BZ00010E" Name="Length" TransformRole="ONETOONE"><FeatureSources><Column ObjRef="A5RW6HEE.BM000135"/></FeatureSources><FeatureTargets><Column ObjRef="A5RW6HEE.BM0001YC"/></FeatureTargets></FeatureMap></FeatureMaps></ClassifierMap></Transformations></TransformationStep></AssociatedObjects></CustomAssociation><CustomAssociation Id="A5RW6HEE.BI00013J" Name="STATELIBRARY" PartnerName="STATELIBRARYPartner"/><CustomAssociation Id="A5RW6HEE.BI00013K" Name="ALT_TEMP_LIBRARY" PartnerName="ALT_TEMP_LIBRARYPartner"/></CustomAssociations><JobActivities><TransformationActivity Id="A5RW6HEE.BS00000P" Name="New Transformation Activity"><Steps><TransformationStep Id="A5RW6HEE.BT00002T"/></Steps><TransformationTargets><ExternalTable ObjRef="A5RW6HEE.C4000003"/><PhysicalTable ObjRef="A5RW6HEE.BK0000SF"/></TransformationTargets></TransformationActivity></JobActivities><Properties><Property Id="A5RW6HEE.AC0004ME" Name="DISVersion" DefaultValue="4.905" PropertyName="DISVersion" PropertyRole="DISVersion"/></Properties><PropertySets><PropertySet Id="A5RW6HEE.AB00027H" Name="ModifiedByProductPropertySet" SetRole="ModifiedByProductPropertySet"><Properties><Property Id="A5RW6HEE.AC0004N1" Name="ModifiedByProduct" DefaultValue="Version 4.905 of SAS Data Integration Studio" PropertyName="ModifiedByProduct" UseValueOnly="1"/></Properties></PropertySet><PropertySet Id="A5RW6HEE.AB00027W" Name="ModifiedByProductPropertySet" SetRole="ModifiedByProductPropertySet"><Properties><Property Id="A5RW6HEE.AC0004O9" Name="ModifiedByProduct" DefaultValue="Version 4.905 of SAS Data Integration Studio" PropertyName="ModifiedByProduct" UseValueOnly="1"/></Properties></PropertySet><PropertySet Id="A5RW6HEE.AB00027Z" Name="ModifiedByProductPropertySet" SetRole="ModifiedByProductPropertySet"><Properties><Property Id="A5RW6HEE.AC0004OC" Name="ModifiedByProduct" DefaultValue="Version 4.905 of SAS Data Integration Studio" PropertyName="ModifiedByProduct" UseValueOnly="1"/></Properties></PropertySet><PropertySet Id="A5RW6HEE.AB000283" Name="ModifiedByProductPropertySet" SetRole="ModifiedByProductPropertySet"><Properties><Property Id="A5RW6HEE.AC0004P0" Name="ModifiedByProduct" DefaultValue="Version 4.905 of SAS Data Integration Studio" PropertyName="ModifiedByProduct" UseValueOnly="1"/></Properties></PropertySet><PropertySet Id="A5RW6HEE.AB000286" Name="ModifiedByProductPropertySet" SetRole="ModifiedByProductPropertySet"><Properties><Property Id="A5RW6HEE.AC0004P1" Name="ModifiedByProduct" DefaultValue="Version 4.905 of SAS Data Integration Studio" PropertyName="ModifiedByProduct" UseValueOnly="1"/></Properties></PropertySet><PropertySet Id="A5RW6HEE.AB000287" Name="ModifiedByProductPropertySet" SetRole="ModifiedByProductPropertySet"><Properties><Property Id="A5RW6HEE.AC0004P2" Name="ModifiedByProduct" DefaultValue="Version 4.905 of SAS Data Integration Studio" PropertyName="ModifiedByProduct" UseValueOnly="1"/></Properties></PropertySet><PropertySet Id="A5RW6HEE.AB00028A" Name="ModifiedByProductPropertySet" SetRole="ModifiedByProductPropertySet"><Properties><Property Id="A5RW6HEE.AC0004PR" Name="ModifiedByProduct" DefaultValue="Version 4.905 of SAS Data Integration Studio" PropertyName="ModifiedByProduct" UseValueOnly="1"/></Properties></PropertySet><PropertySet Id="A5RW6HEE.AB00028I" Name="ModifiedByProductPropertySet" SetRole="ModifiedByProductPropertySet"><Properties><Property Id="A5RW6HEE.AC0004Q1" Name="ModifiedByProduct" DefaultValue="Version 4.905 of SAS Data Integration Studio" PropertyName="ModifiedByProduct" UseValueOnly="1"/></Properties></PropertySet><PropertySet Id="A5RW6HEE.AB0002ZA" Name="ModifiedByProductPropertySet" SetRole="ModifiedByProductPropertySet"><Properties><Property Id="A5RW6HEE.AC000660" Name="ModifiedByProduct" DefaultValue="Version 4.905 of SAS Data Integration Studio" PropertyName="ModifiedByProduct" UseValueOnly="1"/></Properties></PropertySet><PropertySet Id="A5RW6HEE.AB0002ZB" Name="ModifiedByProductPropertySet" SetRole="ModifiedByProductPropertySet"><Properties><Property Id="A5RW6HEE.AC000661" Name="ModifiedByProduct" DefaultValue="Version 4.905 of SAS Data Integration Studio" PropertyName="ModifiedByProduct" UseValueOnly="1"/></Properties></PropertySet><PropertySet Id="A5RW6HEE.AB000326" Name="ModifiedByProductPropertySet" SetRole="ModifiedByProductPropertySet"><Properties><Property Id="A5RW6HEE.AC0006F8" Name="ModifiedByProduct" DefaultValue="Version 4.905 of SAS Data Integration Studio" PropertyName="ModifiedByProduct" UseValueOnly="1"/></Properties></PropertySet><PropertySet Id="A5RW6HEE.AB00032B" Name="ModifiedByProductPropertySet" SetRole="ModifiedByProductPropertySet"><Properties><Property Id="A5RW6HEE.AC0006FE" Name="ModifiedByProduct" DefaultValue="Version 4.905 of SAS Data Integration Studio" PropertyName="ModifiedByProduct" UseValueOnly="1"/></Properties></PropertySet><PropertySet Id="A5RW6HEE.AB00027Y" Name="USERPROPERTIES" SetRole="USERPROPERTIES"><SetProperties><Property Id="A5RW6HEE.AC0004OA" Name="FlowDirection" DefaultValue="Right" PropertyName="FlowDirection" PropertyRole="USER" UseValueOnly="1"/><Property Id="A5RW6HEE.AC0004OB" Name="DiagramXML" DefaultValue="&lt;?xml version=&quot;1.0&quot; encoding=&quot;UTF-8&quot; ?&gt;&lt;ShapeList&gt;&lt;DataLink&gt;&lt;NodeId&gt;bbe9c304-c0a8-32ee-1a00-d38dae1a5139&lt;/NodeId&gt;&lt;ToNode&gt;bbe9bf07-c0a8-32ee-1a00-d38d53d52113&lt;/ToNode&gt;&lt;FromNode&gt;bbde7faf-c0a8-32ee-1a00-d38d6e1b926b&lt;/FromNode&gt;&lt;ToPortIndex&gt;1&lt;/ToPortIndex&gt;&lt;FromPortIndex&gt;0&lt;/FromPortIndex&gt;&lt;/DataLink&gt;&lt;DataLink&gt;&lt;NodeId&gt;bbeb27d1-c0a8-32ee-1a00-d38d2d80ed48&lt;/NodeId&gt;&lt;ToNode&gt;bbeb26cb-c0a8-32ee-1a00-d38d22e60069&lt;/ToNode&gt;&lt;FromNode&gt;bbe9bf07-c0a8-32ee-1a00-d38d53d52113&lt;/FromNode&gt;&lt;ToPortIndex&gt;0&lt;/ToPortIndex&gt;&lt;FromPortIndex&gt;1&lt;/FromPortIndex&gt;&lt;/DataLink&gt;&lt;StickyNoteNode&gt;&lt;NodeId&gt;c5ea523b-ac1d-ce34-1a00-d38d0a0b4e09&lt;/NodeId&gt;&lt;PositionX&gt;139&lt;/PositionX&gt;&lt;PositionY&gt;259&lt;/PositionY&gt;&lt;Expanded&gt;false&lt;/Expanded&gt;&lt;Style&gt;NoteStyleYellow&lt;/Style&gt;&lt;Text&gt;Job Notes&amp;#13;&amp;#10;&amp;#13;&amp;#10;- Reads data from a CSV of SASHELP.CARS. This needs creating before anything can run&amp;#13;&amp;#10;- Writes to a registered metadata table&lt;/Text&gt;&lt;/StickyNoteNode&gt;&lt;/ShapeList&gt;" PropertyName="DiagramXML" PropertyRole="USER" UseValueOnly="1"/></SetProperties></PropertySet><PropertySet Id="A5RW6HEE.AB00027G" Name="OPTIONS" SetRole="OPTIONS"><Properties><Property Id="A5RW6HEE.AC0004MQ" Name="SystemOptions" PropertyName="SystemOptions" PropertyRole="SystemOptions" UseValueOnly="1"/><Property Id="A5RW6HEE.AC0004MR" Name="MACROS" DefaultValue="YES" PropertyName="MACROS" PropertyRole="MACROS" UseValueOnly="1"/><Property Id="A5RW6HEE.AC0004MS" Name="PARALLEL" DefaultValue="NO" PropertyName="PARALLEL" PropertyRole="PARALLEL" UseValueOnly="1"/><Property Id="A5RW6HEE.AC0004MT" Name="STATUSHANDLINGLAST" DefaultValue="YES" PropertyName="STATUSHANDLINGLAST" PropertyRole="STATUSHANDLINGLAST" UseValueOnly="1"/><Property Id="A5RW6HEE.AC0004MU" Name="USENLSDATEFORMAT" DefaultValue="YES" PropertyName="USENLSDATEFORMAT" PropertyRole="USENLSDATEFORMAT" UseValueOnly="1"/><Property Id="A5RW6HEE.AC0004MV" Name="GenerateMappingWarning" DefaultValue="YES" PropertyName="GenerateMappingWarning" PropertyRole="GenerateMappingWarning" UseValueOnly="1"/><Property Id="A5RW6HEE.AC0004MW" Name="RCSETSYSCC" DefaultValue="NO" PropertyName="RCSETSYSCC" PropertyRole="RCSETSYSCC" UseValueOnly="1"/><Property Id="A5RW6HEE.AC0004MX" Name="COMMENT_STPBEGIN_STPEND" DefaultValue="NO" PropertyName="COMMENT_STPBEGIN_STPEND" PropertyRole="COMMENT_STPBEGIN_STPEND" UseValueOnly="1"/><Property Id="A5RW6HEE.AC0004MY" Name="GENERATEJOBFORMATSINFORMATS" DefaultValue="YES" PropertyName="GENERATEJOBFORMATSINFORMATS" PropertyRole="GENERATEJOBFORMATSINFORMATS" UseValueOnly="1"/><Property Id="A5RW6HEE.AC0004MZ" Name="GENERATEJOBUSECONNECTUSING" DefaultValue="NO" PropertyName="GENERATEJOBUSECONNECTUSING" PropertyRole="GENERATEJOBUSECONNECTUSING" UseValueOnly="1"/><Property Id="A5RW6HEE.AC0004N0" Name="CLEARLIBREF" DefaultValue="NO" PropertyName="CLEARLIBREF" PropertyRole="CLEARLIBREF" UseValueOnly="1"/></Properties><SetProperties><Property Id="A5RW6HEE.AC0004MF" Name="CollectDiagnostics" DefaultValue="false" PropertyName="CollectDiagnostics" PropertyRole="OPTION" SQLType="16" UseValueOnly="1"/><Property Id="A5RW6HEE.AC0004MG" Name="CollectStatistics" DefaultValue="true" PropertyName="CollectStatistics" PropertyRole="OPTION" SQLType="16" UseValueOnly="1"/><Property Id="A5RW6HEE.AC0004MH" Name="CollectTableStatistics" DefaultValue="true" PropertyName="CollectTableStatistics" PropertyRole="OPTION" SQLType="16" UseValueOnly="1"/><Property Id="A5RW6HEE.AC0004MI" Name="MapAutomatically" DefaultValue="true" PropertyName="MapAutomatically" PropertyRole="OPTION" SQLType="16" UseValueOnly="1"/><Property Id="A5RW6HEE.AC0004MJ" Name="PropagateAutomatically" DefaultValue="true" PropertyName="PropagateAutomatically" PropertyRole="OPTION" SQLType="16" UseValueOnly="1"/><Property Id="A5RW6HEE.AC0004MK" Name="GenerateDISHeaderFooter" DefaultValue="true" PropertyName="GenerateDISHeaderFooter" PropertyRole="OPTION" SQLType="16" UseValueOnly="1"/><Property Id="A5RW6HEE.AC0004ML" Name="AutomaticPropagationDirection" DefaultValue="0" PropertyName="AutomaticPropagationDirection" PropertyRole="OPTION" SQLType="4" UseValueOnly="1"/><Property Id="A5RW6HEE.AC0004MM" Name="DELETE_ALT_TEMP_TABLES" DefaultValue="true" PropertyName="DELETE_ALT_TEMP_TABLES" PropertyRole="OPTION" SQLType="16" UseValueOnly="1"/><Property Id="A5RW6HEE.AC0004MN" Name="STP_PRECODE" PropertyName="STP_PRECODE" PropertyRole="OPTION" UseValueOnly="1"/><Property Id="A5RW6HEE.AC0004MO" Name="APPLNAME" DefaultValue="SAS Data Integration Studio" PropertyName="APPLNAME" PropertyRole="OPTION" UseValueOnly="1"/><Property Id="A5RW6HEE.AC0004MP" Name="DISABLECHECKPOINT" DefaultValue="false" PropertyName="DISABLECHECKPOINT" PropertyRole="OPTION" SQLType="16" UseValueOnly="1"/></SetProperties></PropertySet><PropertySet Id="A5RW6HEE.AB00027V" Name="DATAOBJECTPLACEMENT" SetRole="DATAOBJECTPLACEMENT"><SetProperties><Property Id="A5RW6HEE.AC0004OZ" Name="PLACEMENT_A5RW6HEE.BK0000SF" DefaultValue="&lt;?xml version=&quot;1.0&quot; encoding=&quot;UTF-8&quot; standalone=&quot;yes&quot;?&gt;&lt;DataObjectPlacements&gt;&lt;UIPlacement&gt;&lt;xPosition&gt;518&lt;/xPosition&gt;&lt;yPosition&gt;140&lt;/yPosition&gt;&lt;nodeId&gt;bbeb26cb-c0a8-32ee-1a00-d38d22e60069&lt;/nodeId&gt;&lt;collapsed&gt;false&lt;/collapsed&gt;&lt;m_bChanged&gt;false&lt;/m_bChanged&gt;&lt;/UIPlacement&gt;&lt;Name&gt;A5RW6HEE.BK0000SF&lt;/Name&gt;&lt;/DataObjectPlacements&gt;" PropertyName="PLACEMENT_A5RW6HEE.BK0000SF" PropertyRole="PLACEMENT_A5RW6HEE.BK0000SF" UseValueOnly="1"><CustomAssociations><CustomAssociation Id="A5RW6HEE.BI00013V" Name="PLACEMENT_A5RW6HEE.BK0000SF" PartnerName="PLACEMENT_A5RW6HEE.BK0000SFPartner"><AssociatedObjects><PhysicalTable ObjRef="A5RW6HEE.BK0000SF"/></AssociatedObjects></CustomAssociation></CustomAssociations></Property><Property Id="A5RW6HEE.AC0004O8" Name="PLACEMENT_A5RW6HEE.C4000003" DefaultValue="&lt;?xml version=&quot;1.0&quot; encoding=&quot;UTF-8&quot; standalone=&quot;yes&quot;?&gt;&lt;DataObjectPlacements&gt;&lt;UIPlacement&gt;&lt;xPosition&gt;82&lt;/xPosition&gt;&lt;yPosition&gt;133&lt;/yPosition&gt;&lt;nodeId&gt;bbde7faf-c0a8-32ee-1a00-d38d6e1b926b&lt;/nodeId&gt;&lt;collapsed&gt;false&lt;/collapsed&gt;&lt;m_bChanged&gt;false&lt;/m_bChanged&gt;&lt;/UIPlacement&gt;&lt;Name&gt;A5RW6HEE.C4000003&lt;/Name&gt;&lt;/DataObjectPlacements&gt;" PropertyName="PLACEMENT_A5RW6HEE.C4000003" PropertyRole="PLACEMENT_A5RW6HEE.C4000003" UseValueOnly="1"><CustomAssociations><CustomAssociation Id="A5RW6HEE.BI00013P" Name="PLACEMENT_A5RW6HEE.C4000003" PartnerName="PLACEMENT_A5RW6HEE.C4000003Partner"><AssociatedObjects><ExternalTable ObjRef="A5RW6HEE.C4000003"/></AssociatedObjects></CustomAssociation></CustomAssociations></Property></SetProperties></PropertySet><PropertySet Id="A5RW6HEE.AB0004YS" Name="ModifiedByProductPropertySet" SetRole="ModifiedByProductPropertySet"><Properties><Property Id="A5RW6HEE.AC0008Y1" Name="ModifiedByProduct" DefaultValue="Version 4.905 of SAS Data Integration Studio" PropertyName="ModifiedByProduct" UseValueOnly="1"/></Properties></PropertySet></PropertySets><ResponsibleParties><ResponsibleParty ObjRef="A5RW6HEE.AU0000S4"/><ResponsibleParty ObjRef="A5RW6HEE.AU0000S3"/></ResponsibleParties><Trees><Tree ObjRef="A5RW6HEE.AA0000SA"/></Trees></Job></TransportXml>